                  epoch,         train/box_loss,         train/cls_loss,         train/dfl_loss,   metrics/precision(B),      metrics/recall(B),       metrics/mAP50(B),    metrics/mAP50-95(B),           val/box_loss,           val/cls_loss,           val/dfl_loss,                 lr/pg0,                 lr/pg1,                 lr/pg2
                      1,                 4.2136,                 5.1418,                  4.192,                      0,                      0,                      0,                      0,                 4.7427,                  5.024,                 4.2371,             0.00017116,             0.00017116,             0.00017116
                      2,                 3.3622,                  4.063,                 3.4335,                      0,                      0,                      0,                      0,                 4.7719,                 5.0936,                 4.3717,             0.00034421,             0.00034421,             0.00034421
                      3,                 2.6128,                 3.1044,                 2.6068,                0.00978,                 0.0986,                0.01321,                0.00409,                 4.1545,                 4.7469,                 3.6879,             0.00051494,             0.00051494,             0.00051494
                      4,                 2.1226,                 2.4524,                 2.0732,                0.53569,                0.21764,                 0.1686,                0.08244,                 2.1498,                 2.2193,                 2.1149,             0.00051559,             0.00051559,             0.00051559
                      5,                 1.8593,                 2.1286,                 1.8215,                0.55044,                0.27415,                0.19978,                 0.1045,                 1.7237,                 1.9999,                 1.7977,             0.00051211,             0.00051211,             0.00051211
                      6,                 1.6782,                 1.9036,                 1.6455,                0.36343,                 0.2757,                0.16749,                0.08487,                 1.8705,                 2.5689,                 1.7971,             0.00050864,             0.00050864,             0.00050864
                      7,                 1.5747,                 1.7642,                 1.5429,                0.64556,                0.34156,                0.30133,                0.18244,                 1.3961,                 1.6165,                 1.4699,             0.00050517,             0.00050517,             0.00050517
                      8,                 1.4738,                 1.6384,                  1.465,                0.62953,                0.31341,                0.30411,                  0.187,                 1.4239,                 1.6497,                 1.4297,              0.0005017,              0.0005017,              0.0005017
                      9,                 1.4184,                 1.5401,                 1.4068,                0.65403,                 0.3712,                 0.3457,                0.21664,                 1.4111,                 1.4317,                  1.419,             0.00049823,             0.00049823,             0.00049823
                     10,                 1.3952,                 1.4878,                 1.3772,                 0.6573,                 0.3647,                0.34244,                0.20535,                 1.3917,                 1.4353,                 1.3873,             0.00049476,             0.00049476,             0.00049476
                     11,                 1.3571,                 1.4307,                 1.3493,                0.69359,                0.35736,                 0.3491,                0.23128,                 1.2443,                 1.3972,                 1.3055,             0.00049128,             0.00049128,             0.00049128
                     12,                 1.3171,                 1.3843,                 1.3161,                0.65009,                 0.3917,                0.36275,                0.23236,                  1.271,                 1.4079,                 1.3099,             0.00048781,             0.00048781,             0.00048781
                     13,                 1.2951,                 1.3243,                 1.2983,                0.60703,                0.43693,                0.40976,                0.27428,                 1.2255,                 1.2893,                   1.27,             0.00048434,             0.00048434,             0.00048434
                     14,                 1.2812,                 1.3013,                 1.2761,                0.61096,                0.42264,                0.40255,                0.26813,                 1.2117,                 1.3015,                 1.2555,             0.00048087,             0.00048087,             0.00048087
                     15,                 1.2665,                 1.2826,                 1.2631,                0.70774,                0.44624,                0.43994,                0.29214,                 1.1718,                 1.3037,                 1.2369,              0.0004774,              0.0004774,              0.0004774
                     16,                 1.2528,                 1.2517,                 1.2518,                0.63415,                0.41844,                0.41655,                0.27807,                 1.2155,                 1.2715,                 1.2514,             0.00047393,             0.00047393,             0.00047393
                     17,                 1.2386,                 1.2318,                  1.234,                 0.6993,                0.39698,                0.46655,                0.31814,                 1.1932,                 1.2319,                 1.2321,             0.00047045,             0.00047045,             0.00047045
                     18,                  1.216,                 1.1929,                 1.2305,                0.74438,                0.43448,                0.49557,                0.33236,                 1.1402,                 1.1739,                 1.2044,             0.00046698,             0.00046698,             0.00046698
                     19,                  1.203,                 1.1889,                 1.2178,                0.62951,                0.52298,                0.51508,                0.35932,                 1.1183,                 1.1494,                 1.1939,             0.00046351,             0.00046351,             0.00046351
                     20,                 1.1984,                 1.1711,                  1.213,                0.56613,                0.51306,                0.50992,                0.35033,                 1.1059,                 1.1149,                 1.1875,             0.00046004,             0.00046004,             0.00046004
                     21,                 1.1864,                 1.1349,                 1.2019,                0.67212,                0.53083,                0.53774,                0.37835,                 1.0747,                 1.1194,                 1.1636,             0.00045657,             0.00045657,             0.00045657
                     22,                 1.1765,                 1.1274,                 1.1984,                0.75346,                0.52149,                0.53656,                0.37413,                 1.1046,                 1.1338,                 1.1848,              0.0004531,              0.0004531,              0.0004531
                     23,                 1.1623,                 1.1058,                 1.1839,                 0.7071,                0.49911,                0.55307,                0.39389,                 1.0565,                 1.0851,                 1.1573,             0.00044962,             0.00044962,             0.00044962
                     24,                 1.1485,                 1.0939,                 1.1792,                0.64165,                0.50239,                0.54384,                0.38378,                 1.0675,                 1.0949,                 1.1631,             0.00044615,             0.00044615,             0.00044615
                     25,                   1.15,                 1.0905,                 1.1761,                0.60473,                0.54767,                0.54735,                0.39046,                 1.0646,                 1.0871,                 1.1541,             0.00044268,             0.00044268,             0.00044268
                     26,                 1.1481,                 1.0782,                 1.1726,                0.69482,                0.53923,                0.58157,                0.41229,                 1.0373,                 1.0265,                 1.1399,             0.00043921,             0.00043921,             0.00043921
                     27,                 1.1367,                 1.0655,                  1.166,                0.71359,                0.53189,                0.57965,                0.41182,                 1.0205,                 1.0039,                 1.1348,             0.00043574,             0.00043574,             0.00043574
                     28,                  1.119,                 1.0426,                 1.1606,                0.68391,                0.52824,                0.57169,                0.41209,                 1.0228,                 1.0057,                 1.1357,             0.00043227,             0.00043227,             0.00043227
                     29,                 1.1223,                 1.0374,                 1.1539,                0.63321,                0.52814,                0.54429,                0.38367,                 1.0511,                 1.1416,                 1.1433,              0.0004288,              0.0004288,              0.0004288
                     30,                 1.1133,                 1.0112,                 1.1483,                0.74303,                0.53743,                0.59221,                0.42927,                  1.032,                 1.0004,                 1.1289,             0.00042532,             0.00042532,             0.00042532
                     31,                 1.1097,                 1.0151,                 1.1481,                0.67617,                0.56614,                0.60122,                0.43912,                 1.0132,                 1.0148,                 1.1209,             0.00042185,             0.00042185,             0.00042185
                     32,                 1.1133,                 1.0135,                 1.1542,                0.66896,                0.55285,                0.59686,                0.43437,                 1.0149,                0.98652,                  1.122,             0.00041838,             0.00041838,             0.00041838
                     33,                 1.0913,                0.99408,                 1.1408,                0.69584,                0.52333,                0.58583,                0.42163,                0.99989,                 1.0322,                 1.1172,             0.00041491,             0.00041491,             0.00041491
                     34,                 1.0787,                0.99485,                 1.1344,                0.76935,                0.55719,                0.61509,                0.44038,                  1.033,                0.99165,                 1.1325,             0.00041144,             0.00041144,             0.00041144
                     35,                 1.0861,                0.98068,                 1.1324,                0.69281,                0.58347,                0.60919,                0.44063,                 1.0355,                0.98066,                 1.1185,             0.00040797,             0.00040797,             0.00040797
                     36,                 1.0847,                0.97317,                 1.1279,                0.74225,                0.54264,                0.60981,                0.45161,                0.98555,                0.94417,                 1.1017,             0.00040449,             0.00040449,             0.00040449
                     37,                 1.0738,                0.95925,                 1.1345,                0.67362,                0.58873,                0.60883,                0.43452,                 1.0792,                0.98772,                 1.1563,             0.00040102,             0.00040102,             0.00040102
                     38,                 1.0595,                0.94899,                 1.1246,                0.70346,                0.60099,                0.62868,                 0.4473,                0.97014,                0.93433,                 1.0981,             0.00039755,             0.00039755,             0.00039755
                     39,                 1.0624,                0.94105,                 1.1214,                0.59444,                0.59658,                0.61526,                0.44135,                 1.0057,                 0.9712,                 1.1185,             0.00039408,             0.00039408,             0.00039408
                     40,                 1.0703,                0.94291,                 1.1261,                0.65114,                0.61483,                0.63525,                0.45221,                 1.0215,                0.96043,                 1.1259,             0.00039061,             0.00039061,             0.00039061
                     41,                 1.0486,                0.93027,                 1.1113,                0.68242,                0.57773,                0.63891,                0.46546,                 0.9878,                0.92322,                 1.1004,             0.00038714,             0.00038714,             0.00038714
                     42,                 1.0534,                0.92734,                 1.1154,                0.56134,                0.62418,                0.63697,                0.46449,                0.96239,                0.92822,                 1.0883,             0.00038366,             0.00038366,             0.00038366
                     43,                 1.0502,                  0.921,                 1.1118,                0.60447,                0.63643,                0.65241,                0.47874,                0.98599,                0.91047,                 1.0957,             0.00038019,             0.00038019,             0.00038019
                     44,                 1.0474,                0.92729,                 1.1083,                0.62833,                0.62524,                0.65537,                0.47705,                0.98024,                0.91094,                  1.102,             0.00037672,             0.00037672,             0.00037672
                     45,                 1.0394,                0.90587,                 1.1079,                0.65862,                0.60983,                0.65653,                 0.4873,                0.96102,                 0.8983,                 1.0864,             0.00037325,             0.00037325,             0.00037325
                     46,                 1.0349,                0.90139,                 1.1057,                0.60132,                0.64791,                0.66484,                0.49342,                0.95782,                 0.8783,                 1.0837,             0.00036978,             0.00036978,             0.00036978
                     47,                 1.0437,                 0.8974,                 1.1036,                0.59085,                0.61432,                0.63292,                0.47359,                0.97357,                0.95704,                 1.0879,             0.00036631,             0.00036631,             0.00036631
                     48,                 1.0294,                0.89481,                 1.0991,                0.72803,                0.61893,                0.66069,                0.49289,                 0.9601,                0.88739,                  1.082,             0.00036283,             0.00036283,             0.00036283
                     49,                 1.0235,                0.87993,                 1.0966,                0.60361,                0.64203,                0.64767,                0.47916,                0.97804,                0.90209,                 1.0925,             0.00035936,             0.00035936,             0.00035936
                     50,                 1.0207,                 0.8843,                 1.1021,                0.66675,                0.62714,                0.65267,                0.48377,                 1.0018,                0.88429,                 1.1005,             0.00035589,             0.00035589,             0.00035589
                     51,                 1.0221,                0.88032,                  1.096,                0.61422,                0.65638,                0.65864,                0.49069,                0.93999,                0.86484,                 1.0701,             0.00035242,             0.00035242,             0.00035242
                     52,                 1.0101,                0.86087,                  1.088,                0.68343,                0.64209,                0.65988,                 0.4869,                0.95383,                0.88516,                 1.0798,             0.00034895,             0.00034895,             0.00034895
                     53,                 1.0171,                 0.8604,                 1.0864,                0.71987,                0.61064,                 0.6613,                0.48952,                0.98348,                0.88536,                 1.0894,             0.00034548,             0.00034548,             0.00034548
                     54,                 1.0037,                0.85741,                 1.0924,                0.75775,                0.61602,                0.66296,                0.48888,                0.95622,                0.85417,                 1.0776,             0.00034201,             0.00034201,             0.00034201
                     55,                0.99841,                0.84671,                 1.0793,                0.65411,                 0.6145,                0.65598,                0.48895,                0.94266,                0.88791,                 1.0681,             0.00033853,             0.00033853,             0.00033853
                     56,                 1.0052,                0.85094,                 1.0833,                0.72544,                0.61982,                0.66585,                0.49618,                0.99035,                 0.8823,                 1.0941,             0.00033506,             0.00033506,             0.00033506
                     57,                 1.0077,                0.85491,                 1.0879,                0.70866,                0.64044,                0.67609,                0.50376,                0.94114,                0.85661,                 1.0712,             0.00033159,             0.00033159,             0.00033159
                     58,                 1.0097,                0.84386,                 1.0865,                0.71274,                0.64103,                0.67316,                0.50831,                0.93322,                0.81996,                 1.0635,             0.00032812,             0.00032812,             0.00032812
                     59,                0.99529,                 0.8325,                 1.0787,                 0.6002,                0.66923,                0.66775,                0.50396,                0.95873,                0.85787,                  1.076,             0.00032465,             0.00032465,             0.00032465
                     60,                0.99511,                0.83851,                 1.0769,                0.67245,                0.64659,                0.66643,                0.49174,                0.97662,                0.86033,                 1.0816,             0.00032118,             0.00032118,             0.00032118
                     61,                0.98699,                0.81736,                 1.0729,                0.67364,                0.65498,                0.69024,                0.51726,                0.92738,                0.81708,                 1.0597,              0.0003177,              0.0003177,              0.0003177
                     62,                0.99227,                0.82339,                 1.0736,                0.69836,                0.64134,                0.68905,                0.51242,                0.93549,                0.81873,                  1.066,             0.00031423,             0.00031423,             0.00031423
                     63,                 0.9743,                0.81038,                 1.0702,                0.69089,                0.63549,                0.67504,                0.49324,                 0.9695,                0.84221,                  1.082,             0.00031076,             0.00031076,             0.00031076
                     64,                 0.9888,                0.81944,                 1.0745,                0.65735,                0.67865,                0.68931,                0.51582,                0.92209,                 0.8248,                 1.0617,             0.00030729,             0.00030729,             0.00030729
                     65,                0.98327,                0.80928,                 1.0734,                0.67493,                0.63617,                0.68311,                0.50903,                0.96566,                0.82294,                 1.0754,             0.00030382,             0.00030382,             0.00030382
                     66,                0.97479,                0.80495,                 1.0683,                0.71628,                0.63043,                0.68705,                0.51988,                0.91021,                0.81509,                 1.0514,             0.00030035,             0.00030035,             0.00030035
                     67,                0.97489,                0.80252,                 1.0686,                0.68382,                0.64757,                0.68642,                0.51751,                0.92236,                0.81995,                 1.0588,             0.00029687,             0.00029687,             0.00029687
                     68,                0.97808,                0.80218,                 1.0667,                0.74003,                0.61266,                0.69161,                0.51813,                0.92144,                0.81382,                 1.0586,              0.0002934,              0.0002934,              0.0002934
                     69,                0.97799,                0.79151,                 1.0677,                0.73212,                0.64797,                0.69382,                 0.5306,                0.90298,                0.80718,                 1.0493,             0.00028993,             0.00028993,             0.00028993
                     70,                0.96021,                0.78205,                 1.0631,                0.60337,                0.69219,                0.69233,                  0.523,                0.92465,                0.80688,                 1.0604,             0.00028646,             0.00028646,             0.00028646
                     71,                0.97269,                0.78586,                 1.0645,                0.68268,                  0.657,                0.70527,                0.53074,                 0.9004,                0.80527,                 1.0485,             0.00028299,             0.00028299,             0.00028299
                     72,                0.96363,                0.78396,                 1.0653,                0.68042,                0.61211,                0.68664,                0.51106,                 0.9402,                0.82761,                 1.0617,             0.00027952,             0.00027952,             0.00027952
                     73,                0.96281,                0.77935,                  1.057,                0.71014,                0.66129,                0.69473,                0.52941,                0.89983,                0.79466,                 1.0474,             0.00027604,             0.00027604,             0.00027604
                     74,                 0.9582,                0.77351,                 1.0574,                0.63511,                0.70245,                0.69773,                0.53167,                0.90634,                0.78927,                 1.0483,             0.00027257,             0.00027257,             0.00027257
                     75,                0.95007,                0.77159,                 1.0559,                0.70601,                0.63148,                0.69418,                  0.526,                0.91232,                0.80644,                 1.0517,              0.0002691,              0.0002691,              0.0002691
                     76,                0.95422,                0.77453,                 1.0552,                0.74319,                0.66938,                0.70781,                0.53077,                  0.922,                0.79248,                  1.056,             0.00026563,             0.00026563,             0.00026563
                     77,                0.94849,                0.75894,                 1.0546,                0.66707,                0.67913,                0.69843,                0.51805,                0.93882,                0.79206,                 1.0596,             0.00026216,             0.00026216,             0.00026216
                     78,                0.95345,                0.77161,                 1.0478,                  0.645,                0.68609,                0.70087,                0.53165,                0.89907,                0.78498,                 1.0439,             0.00025869,             0.00025869,             0.00025869
                     79,                 0.9518,                0.76863,                 1.0539,                0.69245,                0.66952,                0.70639,                0.53604,                0.90023,                0.78764,                 1.0443,             0.00025522,             0.00025522,             0.00025522
                     80,                0.94658,                0.76174,                 1.0535,                0.70315,                0.65424,                0.69842,                0.53645,                0.89587,                0.78807,                 1.0412,             0.00025174,             0.00025174,             0.00025174
                     81,                0.94589,                0.75819,                 1.0489,                0.66653,                0.67127,                0.69973,                0.53204,                0.89493,                 0.7839,                 1.0421,             0.00024827,             0.00024827,             0.00024827
                     82,                 0.9406,                0.75049,                 1.0541,                0.68121,                0.66076,                0.69833,                0.53503,                0.90219,                 0.7902,                 1.0448,              0.0002448,              0.0002448,              0.0002448
                     83,                0.93076,                0.74831,                 1.0451,                0.71932,                0.64896,                0.70069,                0.53348,                0.90702,                0.78891,                  1.046,             0.00024133,             0.00024133,             0.00024133
                     84,                0.94088,                0.74755,                 1.0522,                0.71771,                0.64978,                0.70009,                0.53362,                0.89315,                0.78146,                 1.0423,             0.00023786,             0.00023786,             0.00023786
                     85,                0.93312,                0.74036,                  1.047,                0.66704,                0.68582,                0.71547,                0.54452,                0.89845,                0.76634,                 1.0464,             0.00023439,             0.00023439,             0.00023439
                     86,                0.93697,                0.74484,                 1.0455,                 0.7291,                 0.6662,                0.71579,                0.54887,                0.89719,                0.75581,                 1.0418,             0.00023091,             0.00023091,             0.00023091
                     87,                0.93372,                 0.7364,                  1.046,                0.67998,                0.70761,                0.71458,                0.54239,                0.89104,                0.76615,                 1.0419,             0.00022744,             0.00022744,             0.00022744
                     88,                0.94388,                0.73812,                 1.0488,                0.67888,                0.65155,                0.70403,                0.53421,                0.89625,                0.77961,                 1.0439,             0.00022397,             0.00022397,             0.00022397
                     89,                0.92674,                0.72737,                 1.0405,                0.68217,                0.69712,                0.71245,                0.53935,                0.89959,                0.76957,                 1.0434,              0.0002205,              0.0002205,              0.0002205
                     90,                0.92908,                 0.7331,                 1.0464,                0.67738,                0.68365,                0.71598,                0.54656,                0.88936,                 0.7533,                 1.0394,             0.00021703,             0.00021703,             0.00021703
                     91,                0.91962,                0.72693,                 1.0407,                0.64104,                0.68503,                0.70543,                0.53899,                0.89071,                 0.7731,                 1.0383,             0.00021356,             0.00021356,             0.00021356
                     92,                0.91971,                0.72401,                  1.042,                0.69526,                0.68152,                0.71466,                0.55351,                0.88987,                 0.7535,                 1.0374,             0.00021008,             0.00021008,             0.00021008
                     93,                0.92638,                0.72408,                 1.0406,                0.68618,                0.68051,                0.71098,                0.54448,                0.89354,                0.75886,                 1.0385,             0.00020661,             0.00020661,             0.00020661
                     94,                0.91892,                 0.7178,                  1.038,                 0.7091,                0.67872,                0.72292,                0.54892,                0.91047,                0.76529,                 1.0447,             0.00020314,             0.00020314,             0.00020314
                     95,                0.91585,                0.71447,                  1.036,                0.71126,                0.66693,                0.71603,                0.54722,                0.89113,                0.75896,                 1.0391,             0.00019967,             0.00019967,             0.00019967
                     96,                0.91394,                0.70766,                 1.0343,                0.74231,                0.68219,                0.72374,                0.55051,                 0.8889,                0.75117,                 1.0387,              0.0001962,              0.0001962,              0.0001962
                     97,                0.91517,                0.71105,                 1.0389,                0.61974,                0.72521,                0.71506,                0.54449,                0.90014,                0.76424,                 1.0438,             0.00019273,             0.00019273,             0.00019273
                     98,                0.91606,                0.70983,                 1.0336,                0.64717,                0.71197,                0.71294,                0.54327,                0.89217,                0.75378,                  1.037,             0.00018925,             0.00018925,             0.00018925
                     99,                0.90803,                0.70534,                 1.0308,                0.62678,                0.73581,                0.71851,                0.55032,                0.88823,                0.75775,                 1.0354,             0.00018578,             0.00018578,             0.00018578
                    100,                0.90883,                0.70146,                 1.0351,                0.61017,                0.73892,                 0.7261,                0.55071,                0.88914,                 0.7528,                 1.0369,             0.00018231,             0.00018231,             0.00018231
                    101,                0.91141,                0.70448,                  1.029,                0.68556,                0.71818,                0.72566,                0.54903,                0.89246,                0.75763,                 1.0365,             0.00017884,             0.00017884,             0.00017884
                    102,                 0.9041,                0.69632,                 1.0307,                 0.6631,                 0.7269,                0.72175,                0.55459,                0.88375,                0.74735,                 1.0353,             0.00017537,             0.00017537,             0.00017537
                    103,                0.90183,                0.68955,                 1.0321,                0.73766,                0.69871,                0.73012,                0.55933,                0.88783,                0.75055,                  1.035,              0.0001719,              0.0001719,              0.0001719
                    104,                0.91001,                0.70103,                 1.0311,                 0.7385,                0.66676,                0.71492,                0.54562,                0.90125,                0.75122,                 1.0411,             0.00016843,             0.00016843,             0.00016843
                    105,                0.90222,                0.69515,                 1.0306,                0.66631,                0.72267,                0.72314,                0.55408,                0.88849,                0.74219,                 1.0327,             0.00016495,             0.00016495,             0.00016495
                    106,                0.90358,                0.68996,                 1.0272,                0.69422,                0.69538,                0.72447,                0.55765,                0.87465,                0.73688,                 1.0286,             0.00016148,             0.00016148,             0.00016148
                    107,                0.89829,                 0.6862,                 1.0265,                0.70921,                 0.6703,                0.71338,                0.55209,                0.88006,                0.73496,                 1.0295,             0.00015801,             0.00015801,             0.00015801
                    108,                0.89765,                0.68659,                 1.0254,                 0.7408,                0.66061,                 0.7161,                0.55336,                0.87883,                0.73415,                 1.0306,             0.00015454,             0.00015454,             0.00015454
                    109,                0.89482,                0.67938,                  1.025,                0.68383,                0.67363,                0.71469,                0.54815,                0.87906,                0.73789,                 1.0293,             0.00015107,             0.00015107,             0.00015107
                    110,                0.89073,                0.68272,                  1.025,                0.74977,                0.68221,                0.72336,                0.55623,                0.88239,                0.73411,                 1.0309,              0.0001476,              0.0001476,              0.0001476
                    111,                0.89131,                0.68026,                 1.0244,                0.71474,                0.67528,                 0.7219,                0.55874,                0.87754,                0.73063,                 1.0295,             0.00014412,             0.00014412,             0.00014412
                    112,                0.88792,                0.67356,                 1.0239,                0.68024,                0.70305,                0.71816,                0.55518,                0.87196,                0.73046,                 1.0264,             0.00014065,             0.00014065,             0.00014065
                    113,                0.88919,                0.67321,                  1.021,                0.67381,                0.71003,                0.72465,                0.55958,                0.87685,                0.72881,                 1.0303,             0.00013718,             0.00013718,             0.00013718
                    114,                0.89036,                0.67691,                 1.0242,                0.70267,                0.69957,                0.72104,                0.55438,                0.87876,                0.73285,                  1.031,             0.00013371,             0.00013371,             0.00013371
                    115,                0.88742,                0.66795,                 1.0199,                0.68868,                0.70844,                0.72694,                0.55998,                0.87374,                0.74179,                 1.0294,             0.00013024,             0.00013024,             0.00013024
                    116,                0.88647,                0.67075,                 1.0153,                0.69095,                0.70915,                0.72752,                0.55975,                0.87515,                0.72433,                 1.0268,             0.00012677,             0.00012677,             0.00012677
                    117,                0.88331,                0.66276,                 1.0184,                0.71843,                 0.7043,                0.73162,                0.56068,                0.87516,                0.72865,                 1.0281,             0.00012329,             0.00012329,             0.00012329
                    118,                0.88216,                0.66723,                 1.0186,                0.68164,                0.72349,                0.73092,                0.56018,                0.87664,                0.72525,                 1.0293,             0.00011982,             0.00011982,             0.00011982
                    119,                0.88183,                0.65964,                 1.0183,                0.68484,                0.74207,                0.73804,                0.56033,                0.87714,                0.72814,                 1.0278,             0.00011635,             0.00011635,             0.00011635
                    120,                0.88452,                0.66215,                 1.0192,                 0.6909,                0.70432,                0.73236,                0.56267,                0.87578,                0.72249,                 1.0288,             0.00011288,             0.00011288,             0.00011288
                    121,                0.87984,                0.66258,                 1.0209,                0.66297,                0.72394,                0.72781,                0.56074,                0.87949,                0.72097,                 1.0298,             0.00010941,             0.00010941,             0.00010941
                    122,                0.87377,                0.65515,                 1.0131,                0.67572,                0.70587,                0.72958,                0.56422,                0.87129,                0.72282,                 1.0271,             0.00010594,             0.00010594,             0.00010594
                    123,                0.87591,                0.65716,                  1.015,                0.71918,                0.69093,                0.72737,                0.55995,                0.87326,                0.72319,                 1.0267,             0.00010246,             0.00010246,             0.00010246
                    124,                 0.8756,                0.65132,                 1.0133,                0.67288,                0.72256,                0.73159,                0.55996,                0.87999,                 0.7293,                 1.0295,             9.8993e-05,             9.8993e-05,             9.8993e-05
                    125,                0.87415,                0.64884,                 1.0112,                0.71466,                0.70572,                0.73782,                0.56485,                0.87716,                0.72404,                 1.0294,             9.5522e-05,             9.5522e-05,             9.5522e-05
                    126,                0.87593,                0.65113,                 1.0119,                0.68045,                0.72278,                0.72974,                0.55922,                0.87981,                0.73105,                 1.0305,              9.205e-05,              9.205e-05,              9.205e-05
                    127,                0.87364,                0.65187,                  1.015,                0.69122,                 0.7057,                 0.7293,                0.56164,                0.87046,                0.72714,                  1.025,             8.8578e-05,             8.8578e-05,             8.8578e-05
                    128,                 0.8691,                0.64402,                 1.0095,                0.72781,                0.70141,                0.73297,                0.56486,                0.87614,                0.72366,                 1.0292,             8.5107e-05,             8.5107e-05,             8.5107e-05
                    129,                0.86922,                0.64585,                 1.0146,                0.64699,                0.74105,                0.73285,                0.56289,                0.87193,                0.72666,                 1.0268,             8.1635e-05,             8.1635e-05,             8.1635e-05
                    130,                0.86699,                0.64485,                 1.0131,                0.70333,                0.70967,                0.72894,                0.56145,                0.87183,                0.72335,                 1.0264,             7.8164e-05,             7.8164e-05,             7.8164e-05
                    131,                0.86416,                0.64251,                  1.015,                0.67389,                0.72892,                0.73171,                0.56313,                0.87475,                0.71987,                 1.0288,             7.4692e-05,             7.4692e-05,             7.4692e-05
                    132,                0.86783,                0.64213,                 1.0103,                0.69616,                0.69622,                  0.726,                0.55878,                0.87535,                 0.7243,                 1.0275,              7.122e-05,              7.122e-05,              7.122e-05
                    133,                0.86856,                0.64452,                  1.007,                0.73978,                0.67686,                0.73197,                0.56217,                0.87796,                0.72563,                 1.0285,             6.7749e-05,             6.7749e-05,             6.7749e-05
                    134,                0.86855,                0.63652,                 1.0136,                0.66602,                0.72255,                0.73083,                0.56286,                0.87358,                0.72551,                 1.0267,             6.4277e-05,             6.4277e-05,             6.4277e-05
                    135,                0.86427,                0.63499,                 1.0067,                0.67251,                0.71362,                0.72915,                0.56112,                0.87211,                0.72205,                 1.0267,             6.0806e-05,             6.0806e-05,             6.0806e-05
                    136,                0.86211,                0.63619,                 1.0101,                0.75946,                0.68175,                0.72233,                0.55717,                0.87391,                0.72205,                 1.0282,             5.7334e-05,             5.7334e-05,             5.7334e-05
                    137,                0.86341,                0.63223,                 1.0123,                0.67568,                0.70683,                 0.7294,                  0.561,                0.87035,                0.72055,                 1.0267,             5.3862e-05,             5.3862e-05,             5.3862e-05
                    138,                0.86312,                0.63601,                 1.0071,                0.67736,                0.71001,                0.73086,                0.56216,                0.87658,                0.72037,                 1.0283,             5.0391e-05,             5.0391e-05,             5.0391e-05
                    139,                0.85916,                0.63253,                 1.0044,                0.68603,                 0.7056,                 0.7311,                0.56131,                0.87322,                0.72185,                 1.0263,             4.6919e-05,             4.6919e-05,             4.6919e-05
                    140,                0.85744,                0.62829,                 1.0071,                0.65355,                0.72781,                0.73151,                0.56446,                0.87557,                0.72098,                 1.0276,             4.3448e-05,             4.3448e-05,             4.3448e-05
                    141,                0.85908,                0.62973,                 1.0082,                0.72935,                 0.6781,                0.73288,                0.56362,                0.87163,                0.72151,                 1.0259,             3.9976e-05,             3.9976e-05,             3.9976e-05
                    142,                0.85015,                0.62305,                 1.0058,                0.66256,                0.71717,                0.73246,                 0.5627,                0.87528,                0.72169,                 1.0278,             3.6504e-05,             3.6504e-05,             3.6504e-05
                    143,                0.85514,                0.62704,                 1.0073,                0.64458,                0.73027,                0.72952,                0.56172,                 0.8705,                 0.7197,                 1.0257,             3.3033e-05,             3.3033e-05,             3.3033e-05
                    144,                0.85239,                0.62786,                 1.0072,                0.63934,                0.72245,                0.72796,                0.56117,                 0.8671,                  0.724,                 1.0238,             2.9561e-05,             2.9561e-05,             2.9561e-05
                    145,                0.85382,                 0.6246,                 1.0055,                0.74389,                0.66902,                0.72922,                0.56261,                0.86977,                0.72302,                 1.0253,              2.609e-05,              2.609e-05,              2.609e-05
                    146,                0.85632,                0.62552,                 1.0071,                0.65491,                0.74072,                0.73356,                0.56755,                0.86668,                0.71994,                 1.0237,             2.2618e-05,             2.2618e-05,             2.2618e-05
                    147,                0.85182,                0.62302,                 1.0041,                0.72208,                0.70732,                0.73488,                 0.5638,                0.87281,                0.71989,                 1.0261,             1.9146e-05,             1.9146e-05,             1.9146e-05
                    148,                0.85156,                0.62266,                 1.0048,                0.68939,                0.72106,                0.73419,                0.56614,                0.86994,                0.71925,                 1.0245,             1.5675e-05,             1.5675e-05,             1.5675e-05
                    149,                 0.8483,                0.62012,                 1.0044,                0.67728,                0.71786,                0.73533,                0.56674,                0.86911,                0.71922,                  1.024,             1.2203e-05,             1.2203e-05,             1.2203e-05
                    150,                0.85122,                0.62125,                 1.0054,                0.72492,                0.69697,                0.73563,                 0.5665,                0.87088,                0.71956,                 1.0246,             8.7316e-06,             8.7316e-06,             8.7316e-06
